BioSample,Run*
SAMEA3498888,ERR978603,ERR979791,ERR978604
SAMEA3498898,ERR978599,ERR979787
SAMEA3498893,ERR979788,ERR978600
SAMEA3498899,ERR979785,ERR978597
SAMEA3542237,ERR1021663,ERR1021664,ERR1021665,ERR1021666,ERR1021667,ERR1021668,ERR1021669,ERR1021670,ERR1021671,ERR1021672,ERR1021673,ERR1021674,ERR1021675,ERR1021676,ERR1021677,ERR1021678,ERR1021679
SAMEA3498582,ERR979344,ERR979345,ERR979346,ERR979347,ERR979348,ERR979349,ERR979350,ERR979351,ERR979352,ERR979353,ERR979354,ERR979357,ERR979358,ERR979359,ERR979360,ERR979361,ERR979362,ERR979363,ERR979364,ERR979365,ERR979366,ERR979367,ERR979368,ERR979369,ERR979370,ERR979371,ERR979372,ERR979373,ERR979374,ERR979375,ERR979376,ERR979377,ERR979378,ERR982704,ERR979355,ERR979356
SAMEA3498895,ERR978598,ERR979786
SAMEA3498897,ERR978602,ERR979790
SAMEA3498892,ERR978601,ERR979789
SAMEA3498890,ERR978606,ERR979793
SAMEA3498585,ERR979414,ERR979415,ERR979416,ERR979417,ERR979418,ERR979419,ERR979420,ERR979422,ERR979423,ERR979424,ERR979425,ERR979427,ERR979428,ERR979429,ERR979430,ERR979431,ERR979432,ERR979433,ERR979434,ERR979435,ERR979436,ERR979437,ERR979438,ERR979439,ERR979441,ERR979442,ERR979443,ERR979444,ERR979446,ERR979447,ERR979448,ERR982714,ERR979421,ERR979426,ERR979440,ERR979445
SAMEA3498589,ERR979485,ERR979486,ERR979487,ERR979488,ERR979489,ERR979490,ERR979491,ERR979492,ERR979494,ERR979495,ERR979496,ERR979498,ERR979499,ERR979500,ERR979501,ERR979502,ERR979503,ERR979504,ERR979505,ERR979506,ERR979507,ERR979508,ERR979509,ERR979510,ERR979511,ERR979512,ERR979513,ERR979514,ERR979515,ERR979516,ERR979518,ERR982717,ERR979484,ERR979493,ERR979497,ERR979517
SAMEA3498587,ERR979309,ERR979310,ERR979311,ERR979312,ERR979313,ERR979314,ERR979315,ERR979316,ERR979318,ERR979319,ERR979320,ERR979321,ERR979322,ERR979323,ERR979324,ERR979325,ERR979326,ERR979327,ERR979328,ERR979329,ERR979330,ERR979331,ERR979332,ERR979334,ERR979335,ERR979336,ERR979337,ERR979338,ERR979339,ERR979340,ERR979342,ERR979343,ERR982708,ERR979317,ERR979333,ERR979341
SAMEA3498586,ERR979379,ERR979380,ERR979381,ERR979382,ERR979383,ERR979384,ERR979385,ERR979386,ERR979387,ERR979388,ERR979389,ERR979390,ERR979391,ERR979392,ERR979393,ERR979396,ERR979397,ERR979398,ERR979399,ERR979400,ERR979401,ERR979402,ERR979403,ERR979405,ERR979406,ERR979407,ERR979408,ERR979409,ERR979410,ERR979411,ERR979412,ERR979413,ERR982715,ERR979394,ERR979395,ERR979404
SAMEA3498590,ERR979658,ERR979659,ERR979660,ERR979661,ERR979662,ERR979663,ERR979664,ERR979665,ERR979666,ERR979667,ERR979668,ERR979669,ERR979670,ERR979671,ERR979672,ERR979673,ERR979674,ERR979675,ERR979676,ERR979677,ERR979679,ERR979680,ERR979681,ERR979682,ERR979683,ERR979685,ERR979686,ERR979687,ERR979688,ERR979689,ERR979690,ERR979692,ERR982718,ERR979684,ERR979691,ERR979678
SAMEA3542238,ERR1021680,ERR1021681,ERR1021682,ERR1021683,ERR1021684,ERR1021685,ERR1021686,ERR1021687,ERR1021688,ERR1021689,ERR1021690,ERR1021691,ERR1021692,ERR1021693,ERR1021694,ERR1021695,ERR1021696
SAMEA3498894,ERR978607,ERR979794
SAMEA3542239,ERR1021697,ERR1021698,ERR1021699,ERR1021700,ERR1021701,ERR1021702,ERR1021703,ERR1021704,ERR1021705,ERR1021706,ERR1021707,ERR1021708,ERR1021709,ERR1021710,ERR1021711
SAMEA3498584,ERR979694,ERR979695,ERR979696,ERR979697,ERR979698,ERR979699,ERR979700,ERR979701,ERR979702,ERR979703,ERR979706,ERR979707,ERR979708,ERR979709,ERR979710,ERR979711,ERR979712,ERR979713,ERR979714,ERR979715,ERR979716,ERR979717,ERR982713,ERR979704,ERR979705,ERR979693
SAMEA3498889,ERR978605,ERR979792
